loadId,label1,label2,drniId,name,hypermodelId,metamodelId,archetypeId,metadataPurpose,p2Latest,p3Latest,latest,archetypeInstanceId,isClonedFromId
1000,Activity,,99999,Training Activity - Instances,8,121,,TRUE,TRUE,TRUE,,,
1001,Device,,100000,Router 1,1,108,10000,TRUE,TRUE,TRUE,2;3,20000,40000
1002,SlotPosition,,100001,Juniper Slot 1,2,104,10001,TRUE,TRUE,TRUE,2;3,20001,40001
1003,SlotPosition,,100002,Juniper Slot 2,2,104,10001,TRUE,TRUE,TRUE,2;3,20002,40002
1004,Card,,100003,Juniper MIC Card,1,110,10002,TRUE,TRUE,TRUE,2;3,20003,40003
1005,PhysicalTerminationPosition,,100004,Juniper SFP Position 1,2,105,10003,TRUE,TRUE,TRUE,2;3,20004,40004
1006,PhysicalTerminationPosition,,100005,Juniper SFP Position 2,2,105,10003,TRUE,TRUE,TRUE,2;3,20005,40005
1007,PhysicalTerminationPosition,,100006,Juniper SFP Position 3,2,105,10003,TRUE,TRUE,TRUE,2;3,20006,40006
1008,PhysicalTerminationPosition,,100007,Juniper SFP Position 4,2,105,10003,TRUE,TRUE,TRUE,2;3,20007,40007
1009,PhysicalTerminationPosition,,100008,Juniper SFP Position 5,2,105,10003,TRUE,TRUE,TRUE,2;3,20008,40008
1010,PhysicalTerminationPosition,,100009,Juniper SFP Position 6,2,105,10003,TRUE,TRUE,TRUE,2;3,20009,40009
1011,PhysicalTerminationPosition,,100010,Juniper SFP Position 7,2,105,10003,TRUE,TRUE,TRUE,2;3,20010,40010
1012,PhysicalTerminationPosition,,100011,Juniper SFP Position 8,2,105,10003,TRUE,TRUE,TRUE,2;3,20011,40011
1013,PhysicalTerminationPosition,,100012,Juniper SFP Position 9,2,105,10003,TRUE,TRUE,TRUE,2;3,20012,40012
1014,PhysicalTerminationPosition,,100013,Juniper SFP Position 10,2,105,10003,TRUE,TRUE,TRUE,2;3,20013,40013
1015,PhysicalTerminationPosition,,100014,Juniper SFP Position 11,2,105,10003,TRUE,TRUE,TRUE,2;3,20014,40014
1016,PhysicalTerminationPosition,,100015,Juniper SFP Position 12,2,105,10003,TRUE,TRUE,TRUE,2;3,20015,40015
1017,PhysicalTerminationPosition,,100016,Juniper SFP Position 13,2,105,10003,TRUE,TRUE,TRUE,2;3,20016,40016
1018,PhysicalTerminationPosition,,100017,Juniper SFP Position 14,2,105,10003,TRUE,TRUE,TRUE,2;3,20017,40017
1019,PhysicalTerminationPosition,,100018,Juniper SFP Position 15,2,105,10003,TRUE,TRUE,TRUE,2;3,20018,40018
1020,PhysicalTerminationPosition,,100019,Juniper SFP Position 16,2,105,10003,TRUE,TRUE,TRUE,2;3,20019,40019
1021,PhysicalTerminationPosition,,100020,Juniper SFP Position 17,2,105,10003,TRUE,TRUE,TRUE,2;3,20020,40020
1022,PhysicalTerminationPosition,,100021,Juniper SFP Position 18,2,105,10003,TRUE,TRUE,TRUE,2;3,20021,40021
1023,PhysicalTerminationPosition,,100022,Juniper SFP Position 19,2,105,10003,TRUE,TRUE,TRUE,2;3,20022,40022
1024,PhysicalTerminationPosition,,100023,Juniper SFP Position 20,2,105,10003,TRUE,TRUE,TRUE,2;3,20023,40023
1025,Pluggable,,100024,Juniper SFP 1.1,1,111,10004,TRUE,TRUE,TRUE,2;3,20024,40024
1026,PhysicalPort,,100025,SFP Gigabit Ethernet Physical Port 1.1,3,112,10005,TRUE,TRUE,TRUE,2;3,20025,40025
1027,Pluggable,,100026,Juniper SFP 1.2,1,111,10004,TRUE,TRUE,TRUE,2;3,20024,40026
1028,PhysicalPort,,100027,SFP Gigabit Ethernet Physical Port 1.2,3,112,10005,TRUE,TRUE,TRUE,2;3,20025,40027
1029,Pluggable,,100028,Juniper SFP 1.3,1,111,10004,TRUE,TRUE,TRUE,2;3,20024,40028
1030,PhysicalPort,,100029,SFP Gigabit Ethernet Physical Port 1.3,3,112,10005,TRUE,TRUE,TRUE,2;3,20025,40029
1031,Pluggable,,100030,Juniper SFP 1.4,1,111,10004,TRUE,TRUE,TRUE,2;3,20024,40030
1032,PhysicalPort,,100031,SFP Gigabit Ethernet Physical Port 1.4,3,112,10005,TRUE,TRUE,TRUE,2;3,20025,40031
1033,Device,,100032,Router 2,1,108,10000,TRUE,TRUE,TRUE,2;3,20000,40000
1034,SlotPosition,,100033,Juniper Slot 1,2,104,10001,TRUE,TRUE,TRUE,2;3,20001,40001
1035,SlotPosition,,100034,Juniper Slot 2,2,104,10001,TRUE,TRUE,TRUE,2;3,20002,40002
1036,Card,,100035,Juniper MIC Card,1,110,10002,TRUE,TRUE,TRUE,2;3,20003,40003
1037,PhysicalTerminationPosition,,100036,Juniper SFP Position 1,2,105,10003,TRUE,TRUE,TRUE,2;3,20004,40004
1038,PhysicalTerminationPosition,,100037,Juniper SFP Position 2,2,105,10003,TRUE,TRUE,TRUE,2;3,20005,40005
1039,PhysicalTerminationPosition,,100038,Juniper SFP Position 3,2,105,10003,TRUE,TRUE,TRUE,2;3,20006,40006
1040,PhysicalTerminationPosition,,100039,Juniper SFP Position 4,2,105,10003,TRUE,TRUE,TRUE,2;3,20007,40007
1041,PhysicalTerminationPosition,,100040,Juniper SFP Position 5,2,105,10003,TRUE,TRUE,TRUE,2;3,20008,40008
1042,PhysicalTerminationPosition,,100041,Juniper SFP Position 6,2,105,10003,TRUE,TRUE,TRUE,2;3,20009,40009
1043,PhysicalTerminationPosition,,100042,Juniper SFP Position 7,2,105,10003,TRUE,TRUE,TRUE,2;3,20010,40010
1044,PhysicalTerminationPosition,,100043,Juniper SFP Position 8,2,105,10003,TRUE,TRUE,TRUE,2;3,20011,40011
1045,PhysicalTerminationPosition,,100044,Juniper SFP Position 9,2,105,10003,TRUE,TRUE,TRUE,2;3,20012,40012
1046,PhysicalTerminationPosition,,100045,Juniper SFP Position 10,2,105,10003,TRUE,TRUE,TRUE,2;3,20013,40013
1047,PhysicalTerminationPosition,,100046,Juniper SFP Position 11,2,105,10003,TRUE,TRUE,TRUE,2;3,20014,40014
1048,PhysicalTerminationPosition,,100047,Juniper SFP Position 12,2,105,10003,TRUE,TRUE,TRUE,2;3,20015,40015
1049,PhysicalTerminationPosition,,100048,Juniper SFP Position 13,2,105,10003,TRUE,TRUE,TRUE,2;3,20016,40016
1050,PhysicalTerminationPosition,,100049,Juniper SFP Position 14,2,105,10003,TRUE,TRUE,TRUE,2;3,20017,40017
1051,PhysicalTerminationPosition,,100050,Juniper SFP Position 15,2,105,10003,TRUE,TRUE,TRUE,2;3,20018,40018
1052,PhysicalTerminationPosition,,100051,Juniper SFP Position 16,2,105,10003,TRUE,TRUE,TRUE,2;3,20019,40019
1053,PhysicalTerminationPosition,,100052,Juniper SFP Position 17,2,105,10003,TRUE,TRUE,TRUE,2;3,20020,40020
1054,PhysicalTerminationPosition,,100053,Juniper SFP Position 18,2,105,10003,TRUE,TRUE,TRUE,2;3,20021,40021
1055,PhysicalTerminationPosition,,100054,Juniper SFP Position 19,2,105,10003,TRUE,TRUE,TRUE,2;3,20022,40022
1056,PhysicalTerminationPosition,,100055,Juniper SFP Position 20,2,105,10003,TRUE,TRUE,TRUE,2;3,20023,40023
1057,Pluggable,,100056,Juniper SFP 2.1,1,111,10004,TRUE,TRUE,TRUE,2;3,20024,40024
1058,PhysicalPort,,100057,SFP Gigabit Ethernet Physical Port 2.1,3,112,10005,TRUE,TRUE,TRUE,2;3,20025,40025
1059,Pluggable,,100058,Juniper SFP 2.2,1,111,10004,TRUE,TRUE,TRUE,2;3,20024,40026
1060,PhysicalPort,,100059,SFP Gigabit Ethernet Physical Port 2.2,3,112,10005,TRUE,TRUE,TRUE,2;3,20025,40027
1061,Pluggable,,100060,Juniper SFP 2.3,1,111,10004,TRUE,TRUE,TRUE,2;3,20024,40028
1062,PhysicalPort,,100061,SFP Gigabit Ethernet Physical Port 2.3,3,112,10005,TRUE,TRUE,TRUE,2;3,20025,40029
1063,Pluggable,,100062,Juniper SFP 2.4,1,111,10004,TRUE,TRUE,TRUE,2;3,20024,40030
1064,PhysicalPort,,100063,SFP Gigabit Ethernet Physical Port 2.4,3,112,10005,TRUE,TRUE,TRUE,2;3,20025,40031
1065,Device,,100064,Router 3,1,108,10000,TRUE,TRUE,TRUE,2;3,20000,40000
1066,SlotPosition,,100065,Juniper Slot 1,2,104,10001,TRUE,TRUE,TRUE,2;3,20001,40001
1067,SlotPosition,,100066,Juniper Slot 2,2,104,10001,TRUE,TRUE,TRUE,2;3,20002,40002
1068,Card,,100067,Juniper MIC Card,1,110,10002,TRUE,TRUE,TRUE,2;3,20003,40003
1069,PhysicalTerminationPosition,,100068,Juniper SFP Position 1,2,105,10003,TRUE,TRUE,TRUE,2;3,20004,40004
1070,PhysicalTerminationPosition,,100069,Juniper SFP Position 2,2,105,10003,TRUE,TRUE,TRUE,2;3,20005,40005
1071,PhysicalTerminationPosition,,100070,Juniper SFP Position 3,2,105,10003,TRUE,TRUE,TRUE,2;3,20006,40006
1072,PhysicalTerminationPosition,,100071,Juniper SFP Position 4,2,105,10003,TRUE,TRUE,TRUE,2;3,20007,40007
1073,PhysicalTerminationPosition,,100072,Juniper SFP Position 5,2,105,10003,TRUE,TRUE,TRUE,2;3,20008,40008
1074,PhysicalTerminationPosition,,100073,Juniper SFP Position 6,2,105,10003,TRUE,TRUE,TRUE,2;3,20009,40009
1075,PhysicalTerminationPosition,,100074,Juniper SFP Position 7,2,105,10003,TRUE,TRUE,TRUE,2;3,20010,40010
1076,PhysicalTerminationPosition,,100075,Juniper SFP Position 8,2,105,10003,TRUE,TRUE,TRUE,2;3,20011,40011
1077,PhysicalTerminationPosition,,100076,Juniper SFP Position 9,2,105,10003,TRUE,TRUE,TRUE,2;3,20012,40012
1078,PhysicalTerminationPosition,,100077,Juniper SFP Position 10,2,105,10003,TRUE,TRUE,TRUE,2;3,20013,40013
1079,PhysicalTerminationPosition,,100078,Juniper SFP Position 11,2,105,10003,TRUE,TRUE,TRUE,2;3,20014,40014
1080,PhysicalTerminationPosition,,100079,Juniper SFP Position 12,2,105,10003,TRUE,TRUE,TRUE,2;3,20015,40015
1081,PhysicalTerminationPosition,,100080,Juniper SFP Position 13,2,105,10003,TRUE,TRUE,TRUE,2;3,20016,40016
1082,PhysicalTerminationPosition,,100081,Juniper SFP Position 14,2,105,10003,TRUE,TRUE,TRUE,2;3,20017,40017
1083,PhysicalTerminationPosition,,100082,Juniper SFP Position 15,2,105,10003,TRUE,TRUE,TRUE,2;3,20018,40018
1084,PhysicalTerminationPosition,,100083,Juniper SFP Position 16,2,105,10003,TRUE,TRUE,TRUE,2;3,20019,40019
1085,PhysicalTerminationPosition,,100084,Juniper SFP Position 17,2,105,10003,TRUE,TRUE,TRUE,2;3,20020,40020
1086,PhysicalTerminationPosition,,100085,Juniper SFP Position 18,2,105,10003,TRUE,TRUE,TRUE,2;3,20021,40021
1087,PhysicalTerminationPosition,,100086,Juniper SFP Position 19,2,105,10003,TRUE,TRUE,TRUE,2;3,20022,40022
1088,PhysicalTerminationPosition,,100087,Juniper SFP Position 20,2,105,10003,TRUE,TRUE,TRUE,2;3,20023,40023
1089,Pluggable,,100088,Juniper SFP 3.1,1,111,10004,TRUE,TRUE,TRUE,2;3,20024,40024
1090,PhysicalPort,,100089,SFP Gigabit Ethernet Physical Port 3.1,3,112,10005,TRUE,TRUE,TRUE,2;3,20025,40025
1091,Pluggable,,100090,Juniper SFP 3.2,1,111,10004,TRUE,TRUE,TRUE,2;3,20024,40026
1092,PhysicalPort,,100091,SFP Gigabit Ethernet Physical Port 3.2,3,112,10005,TRUE,TRUE,TRUE,2;3,20025,40027
1093,Pluggable,,100092,Juniper SFP 3.3,1,111,10004,TRUE,TRUE,TRUE,2;3,20024,40028
1094,PhysicalPort,,100093,SFP Gigabit Ethernet Physical Port 3.3,3,112,10005,TRUE,TRUE,TRUE,2;3,20025,40029
1095,Pluggable,,100094,Juniper SFP 3.4,1,111,10004,TRUE,TRUE,TRUE,2;3,20024,40030
1096,PhysicalPort,,100095,SFP Gigabit Ethernet Physical Port 3.4,3,112,10005,TRUE,TRUE,TRUE,2;3,20025,40031
1097,Device,,100096,Router 4,1,108,10000,TRUE,TRUE,TRUE,2;3,20000,40000
1098,SlotPosition,,100097,Juniper Slot 1,2,104,10001,TRUE,TRUE,TRUE,2;3,20001,40001
1099,SlotPosition,,100098,Juniper Slot 2,2,104,10001,TRUE,TRUE,TRUE,2;3,20002,40002
1100,Card,,100099,Juniper MIC Card,1,110,10002,TRUE,TRUE,TRUE,2;3,20003,40003
1101,PhysicalTerminationPosition,,100100,Juniper SFP Position 1,2,105,10003,TRUE,TRUE,TRUE,2;3,20004,40004
1102,PhysicalTerminationPosition,,100101,Juniper SFP Position 2,2,105,10003,TRUE,TRUE,TRUE,2;3,20005,40005
1103,PhysicalTerminationPosition,,100102,Juniper SFP Position 3,2,105,10003,TRUE,TRUE,TRUE,2;3,20006,40006
1104,PhysicalTerminationPosition,,100103,Juniper SFP Position 4,2,105,10003,TRUE,TRUE,TRUE,2;3,20007,40007
1105,PhysicalTerminationPosition,,100104,Juniper SFP Position 5,2,105,10003,TRUE,TRUE,TRUE,2;3,20008,40008
1106,PhysicalTerminationPosition,,100105,Juniper SFP Position 6,2,105,10003,TRUE,TRUE,TRUE,2;3,20009,40009
1107,PhysicalTerminationPosition,,100106,Juniper SFP Position 7,2,105,10003,TRUE,TRUE,TRUE,2;3,20010,40010
1108,PhysicalTerminationPosition,,100107,Juniper SFP Position 8,2,105,10003,TRUE,TRUE,TRUE,2;3,20011,40011
1109,PhysicalTerminationPosition,,100108,Juniper SFP Position 9,2,105,10003,TRUE,TRUE,TRUE,2;3,20012,40012
1110,PhysicalTerminationPosition,,100109,Juniper SFP Position 10,2,105,10003,TRUE,TRUE,TRUE,2;3,20013,40013
1111,PhysicalTerminationPosition,,100110,Juniper SFP Position 11,2,105,10003,TRUE,TRUE,TRUE,2;3,20014,40014
1112,PhysicalTerminationPosition,,100111,Juniper SFP Position 12,2,105,10003,TRUE,TRUE,TRUE,2;3,20015,40015
1113,PhysicalTerminationPosition,,100112,Juniper SFP Position 13,2,105,10003,TRUE,TRUE,TRUE,2;3,20016,40016
1114,PhysicalTerminationPosition,,100113,Juniper SFP Position 14,2,105,10003,TRUE,TRUE,TRUE,2;3,20017,40017
1115,PhysicalTerminationPosition,,100114,Juniper SFP Position 15,2,105,10003,TRUE,TRUE,TRUE,2;3,20018,40018
1116,PhysicalTerminationPosition,,100115,Juniper SFP Position 16,2,105,10003,TRUE,TRUE,TRUE,2;3,20019,40019
1117,PhysicalTerminationPosition,,100116,Juniper SFP Position 17,2,105,10003,TRUE,TRUE,TRUE,2;3,20020,40020
1118,PhysicalTerminationPosition,,100117,Juniper SFP Position 18,2,105,10003,TRUE,TRUE,TRUE,2;3,20021,40021
1119,PhysicalTerminationPosition,,100118,Juniper SFP Position 19,2,105,10003,TRUE,TRUE,TRUE,2;3,20022,40022
1120,PhysicalTerminationPosition,,100119,Juniper SFP Position 20,2,105,10003,TRUE,TRUE,TRUE,2;3,20023,40023
1121,Pluggable,,100120,Juniper SFP 4.1,1,111,10004,TRUE,TRUE,TRUE,2;3,20024,40024
1122,PhysicalPort,,100121,SFP Gigabit Ethernet Physical Port 4.1,3,112,10005,TRUE,TRUE,TRUE,2;3,20025,40025
1123,Pluggable,,100122,Juniper SFP 4.2,1,111,10004,TRUE,TRUE,TRUE,2;3,20024,40026
1124,PhysicalPort,,100123,SFP Gigabit Ethernet Physical Port 4.2,3,112,10005,TRUE,TRUE,TRUE,2;3,20025,40027
1125,Pluggable,,100124,Juniper SFP 4.3,1,111,10004,TRUE,TRUE,TRUE,2;3,20024,40028
1126,PhysicalPort,,100125,SFP Gigabit Ethernet Physical Port 4.3,3,112,10005,TRUE,TRUE,TRUE,2;3,20025,40029
1127,Pluggable,,100126,Juniper SFP 4.4,1,111,10004,TRUE,TRUE,TRUE,2;3,20024,40030
1128,PhysicalPort,,100127,SFP Gigabit Ethernet Physical Port 4.4,3,112,10005,TRUE,TRUE,TRUE,2;3,20025,40031
1129,Device,,100128,Router 5,1,108,10000,TRUE,TRUE,TRUE,2;3,20000,20000
1130,SlotPosition,,100129,Juniper Slot 1,2,104,10001,TRUE,TRUE,TRUE,2;3,20001,20001
1131,SlotPosition,,100130,Juniper Slot 2,2,104,10001,TRUE,TRUE,TRUE,2;3,20002,20002
1132,Card,,100131,Juniper MIC Card,1,110,10002,TRUE,TRUE,TRUE,2;3,20003,20003
1133,PhysicalTerminationPosition,,100132,Juniper SFP Position 1,2,105,10003,TRUE,TRUE,TRUE,2;3,20004,20004
1134,PhysicalTerminationPosition,,100133,Juniper SFP Position 2,2,105,10003,TRUE,TRUE,TRUE,2;3,20005,20005
1135,PhysicalTerminationPosition,,100134,Juniper SFP Position 3,2,105,10003,TRUE,TRUE,TRUE,2;3,20006,20006
1136,PhysicalTerminationPosition,,100135,Juniper SFP Position 4,2,105,10003,TRUE,TRUE,TRUE,2;3,20007,20007
1137,PhysicalTerminationPosition,,100136,Juniper SFP Position 5,2,105,10003,TRUE,TRUE,TRUE,2;3,20008,20008
1138,PhysicalTerminationPosition,,100137,Juniper SFP Position 6,2,105,10003,TRUE,TRUE,TRUE,2;3,20009,20009
1139,PhysicalTerminationPosition,,100138,Juniper SFP Position 7,2,105,10003,TRUE,TRUE,TRUE,2;3,20010,20010
1140,PhysicalTerminationPosition,,100139,Juniper SFP Position 8,2,105,10003,TRUE,TRUE,TRUE,2;3,20011,20011
1141,PhysicalTerminationPosition,,100140,Juniper SFP Position 9,2,105,10003,TRUE,TRUE,TRUE,2;3,20012,20012
1142,PhysicalTerminationPosition,,100141,Juniper SFP Position 10,2,105,10003,TRUE,TRUE,TRUE,2;3,20013,20013
1143,PhysicalTerminationPosition,,100142,Juniper SFP Position 11,2,105,10003,TRUE,TRUE,TRUE,2;3,20014,20014
1144,PhysicalTerminationPosition,,100143,Juniper SFP Position 12,2,105,10003,TRUE,TRUE,TRUE,2;3,20015,20015
1145,PhysicalTerminationPosition,,100144,Juniper SFP Position 13,2,105,10003,TRUE,TRUE,TRUE,2;3,20016,20016
1146,PhysicalTerminationPosition,,100145,Juniper SFP Position 14,2,105,10003,TRUE,TRUE,TRUE,2;3,20017,20017
1147,PhysicalTerminationPosition,,100146,Juniper SFP Position 15,2,105,10003,TRUE,TRUE,TRUE,2;3,20018,20018
1148,PhysicalTerminationPosition,,100147,Juniper SFP Position 16,2,105,10003,TRUE,TRUE,TRUE,2;3,20019,20019
1149,PhysicalTerminationPosition,,100148,Juniper SFP Position 17,2,105,10003,TRUE,TRUE,TRUE,2;3,20020,20020
1150,PhysicalTerminationPosition,,100149,Juniper SFP Position 18,2,105,10003,TRUE,TRUE,TRUE,2;3,20021,20021
1151,PhysicalTerminationPosition,,100150,Juniper SFP Position 19,2,105,10003,TRUE,TRUE,TRUE,2;3,20022,20022
1152,PhysicalTerminationPosition,,100151,Juniper SFP Position 20,2,105,10003,TRUE,TRUE,TRUE,2;3,20023,20023
1153,Pluggable,,100152,Juniper SFP 5.2,1,111,10004,TRUE,TRUE,TRUE,2;3,20024,20024
1154,PhysicalPort,,100153,SFP Gigabit Ethernet Physical Port 5.2,3,112,10005,TRUE,TRUE,TRUE,2;3,20025,20025
1155,Pluggable,,100154,Juniper SFP 5.5,1,111,10004,TRUE,TRUE,TRUE,2;3,20024,20024
1156,PhysicalPort,,100155,SFP Gigabit Ethernet Physical Port 5.5,3,112,10005,TRUE,TRUE,TRUE,2;3,20025,20025
1157,Device,,100156,Router 6,1,108,10000,TRUE,TRUE,TRUE,2;3,20000,20000
1158,SlotPosition,,100157,Juniper Slot 1,2,104,10001,TRUE,TRUE,TRUE,2;3,20001,20001
1159,SlotPosition,,100158,Juniper Slot 2,2,104,10001,TRUE,TRUE,TRUE,2;3,20002,20002
1160,Card,,100159,Juniper MIC Card,1,110,10002,TRUE,TRUE,TRUE,2;3,20003,20003
1161,PhysicalTerminationPosition,,100160,Juniper SFP Position 1,2,105,10003,TRUE,TRUE,TRUE,2;3,20004,20004
1162,PhysicalTerminationPosition,,100161,Juniper SFP Position 2,2,105,10003,TRUE,TRUE,TRUE,2;3,20005,20005
1163,PhysicalTerminationPosition,,100162,Juniper SFP Position 3,2,105,10003,TRUE,TRUE,TRUE,2;3,20006,20006
1164,PhysicalTerminationPosition,,100163,Juniper SFP Position 4,2,105,10003,TRUE,TRUE,TRUE,2;3,20007,20007
1165,PhysicalTerminationPosition,,100164,Juniper SFP Position 5,2,105,10003,TRUE,TRUE,TRUE,2;3,20008,20008
1166,PhysicalTerminationPosition,,100165,Juniper SFP Position 6,2,105,10003,TRUE,TRUE,TRUE,2;3,20009,20009
1167,PhysicalTerminationPosition,,100166,Juniper SFP Position 7,2,105,10003,TRUE,TRUE,TRUE,2;3,20010,20010
1168,PhysicalTerminationPosition,,100167,Juniper SFP Position 8,2,105,10003,TRUE,TRUE,TRUE,2;3,20011,20011
1169,PhysicalTerminationPosition,,100168,Juniper SFP Position 9,2,105,10003,TRUE,TRUE,TRUE,2;3,20012,20012
1170,PhysicalTerminationPosition,,100169,Juniper SFP Position 10,2,105,10003,TRUE,TRUE,TRUE,2;3,20013,20013
1171,PhysicalTerminationPosition,,100170,Juniper SFP Position 11,2,105,10003,TRUE,TRUE,TRUE,2;3,20014,20014
1172,PhysicalTerminationPosition,,100171,Juniper SFP Position 12,2,105,10003,TRUE,TRUE,TRUE,2;3,20015,20015
1173,PhysicalTerminationPosition,,100172,Juniper SFP Position 13,2,105,10003,TRUE,TRUE,TRUE,2;3,20016,20016
1174,PhysicalTerminationPosition,,100173,Juniper SFP Position 14,2,105,10003,TRUE,TRUE,TRUE,2;3,20017,20017
1175,PhysicalTerminationPosition,,100174,Juniper SFP Position 15,2,105,10003,TRUE,TRUE,TRUE,2;3,20018,20018
1176,PhysicalTerminationPosition,,100175,Juniper SFP Position 16,2,105,10003,TRUE,TRUE,TRUE,2;3,20019,20019
1177,PhysicalTerminationPosition,,100176,Juniper SFP Position 17,2,105,10003,TRUE,TRUE,TRUE,2;3,20020,20020
1178,PhysicalTerminationPosition,,100177,Juniper SFP Position 18,2,105,10003,TRUE,TRUE,TRUE,2;3,20021,20021
1179,PhysicalTerminationPosition,,100178,Juniper SFP Position 19,2,105,10003,TRUE,TRUE,TRUE,2;3,20022,20022
1180,PhysicalTerminationPosition,,100179,Juniper SFP Position 20,2,105,10003,TRUE,TRUE,TRUE,2;3,20023,20023
1181,Pluggable,,100180,Juniper SFP 6.2,1,111,10004,TRUE,TRUE,TRUE,2;3,20024,20024
1182,PhysicalPort,,100181,SFP Gigabit Ethernet Physical Port 6.2,3,112,10005,TRUE,TRUE,TRUE,2;3,20025,20025
1183,Pluggable,,100182,Juniper SFP 6.6,1,111,10004,TRUE,TRUE,TRUE,2;3,20024,20024
1184,PhysicalPort,,100183,SFP Gigabit Ethernet Physical Port 6.6,3,112,10005,TRUE,TRUE,TRUE,2;3,20025,20025
1185,Device,,100184,Router 7,1,108,10000,TRUE,TRUE,TRUE,2;3,20000,20000
1186,SlotPosition,,100185,Juniper Slot 1,2,104,10001,TRUE,TRUE,TRUE,2;3,20001,20001
1187,SlotPosition,,100186,Juniper Slot 2,2,104,10001,TRUE,TRUE,TRUE,2;3,20002,20002
1188,Card,,100187,Juniper MIC Card,1,110,10002,TRUE,TRUE,TRUE,2;3,20003,20003
1189,PhysicalTerminationPosition,,100188,Juniper SFP Position 1,2,105,10003,TRUE,TRUE,TRUE,2;3,20004,20004
1190,PhysicalTerminationPosition,,100189,Juniper SFP Position 2,2,105,10003,TRUE,TRUE,TRUE,2;3,20005,20005
1191,PhysicalTerminationPosition,,100190,Juniper SFP Position 3,2,105,10003,TRUE,TRUE,TRUE,2;3,20006,20006
1192,PhysicalTerminationPosition,,100191,Juniper SFP Position 4,2,105,10003,TRUE,TRUE,TRUE,2;3,20007,20007
1193,PhysicalTerminationPosition,,100192,Juniper SFP Position 5,2,105,10003,TRUE,TRUE,TRUE,2;3,20008,20008
1194,PhysicalTerminationPosition,,100193,Juniper SFP Position 6,2,105,10003,TRUE,TRUE,TRUE,2;3,20009,20009
1195,PhysicalTerminationPosition,,100194,Juniper SFP Position 7,2,105,10003,TRUE,TRUE,TRUE,2;3,20010,20010
1196,PhysicalTerminationPosition,,100195,Juniper SFP Position 8,2,105,10003,TRUE,TRUE,TRUE,2;3,20011,20011
1197,PhysicalTerminationPosition,,100196,Juniper SFP Position 9,2,105,10003,TRUE,TRUE,TRUE,2;3,20012,20012
1198,PhysicalTerminationPosition,,100197,Juniper SFP Position 10,2,105,10003,TRUE,TRUE,TRUE,2;3,20013,20013
1199,PhysicalTerminationPosition,,100198,Juniper SFP Position 11,2,105,10003,TRUE,TRUE,TRUE,2;3,20014,20014
1200,PhysicalTerminationPosition,,100199,Juniper SFP Position 12,2,105,10003,TRUE,TRUE,TRUE,2;3,20015,20015
1201,PhysicalTerminationPosition,,100200,Juniper SFP Position 13,2,105,10003,TRUE,TRUE,TRUE,2;3,20016,20016
1202,PhysicalTerminationPosition,,100201,Juniper SFP Position 14,2,105,10003,TRUE,TRUE,TRUE,2;3,20017,20017
1203,PhysicalTerminationPosition,,100202,Juniper SFP Position 15,2,105,10003,TRUE,TRUE,TRUE,2;3,20018,20018
1204,PhysicalTerminationPosition,,100203,Juniper SFP Position 16,2,105,10003,TRUE,TRUE,TRUE,2;3,20019,20019
1205,PhysicalTerminationPosition,,100204,Juniper SFP Position 17,2,105,10003,TRUE,TRUE,TRUE,2;3,20020,20020
1206,PhysicalTerminationPosition,,100205,Juniper SFP Position 18,2,105,10003,TRUE,TRUE,TRUE,2;3,20021,20021
1207,PhysicalTerminationPosition,,100206,Juniper SFP Position 19,2,105,10003,TRUE,TRUE,TRUE,2;3,20022,20022
1208,PhysicalTerminationPosition,,100207,Juniper SFP Position 20,2,105,10003,TRUE,TRUE,TRUE,2;3,20023,20023
1209,Pluggable,,100208,Juniper SFP 7.3,1,111,10004,TRUE,TRUE,TRUE,2;3,20024,20024
1210,PhysicalPort,,100209,SFP Gigabit Ethernet Physical Port 7.3,3,112,10005,TRUE,TRUE,TRUE,2;3,20025,20025
1211,Pluggable,,100210,Juniper SFP 7.7,1,111,10004,TRUE,TRUE,TRUE,2;3,20024,20024
1212,PhysicalPort,,100211,SFP Gigabit Ethernet Physical Port 7.7,3,112,10005,TRUE,TRUE,TRUE,2;3,20025,20025
1213,Device,,100212,Router 8,1,108,10000,TRUE,TRUE,TRUE,2;3,20000,20000
1214,SlotPosition,,100213,Juniper Slot 1,2,104,10001,TRUE,TRUE,TRUE,2;3,20001,20001
1215,SlotPosition,,100214,Juniper Slot 2,2,104,10001,TRUE,TRUE,TRUE,2;3,20002,20002
1216,Card,,100215,Juniper MIC Card,1,110,10002,TRUE,TRUE,TRUE,2;3,20003,20003
1217,PhysicalTerminationPosition,,100216,Juniper SFP Position 1,2,105,10003,TRUE,TRUE,TRUE,2;3,20004,20004
1218,PhysicalTerminationPosition,,100217,Juniper SFP Position 2,2,105,10003,TRUE,TRUE,TRUE,2;3,20005,20005
1219,PhysicalTerminationPosition,,100218,Juniper SFP Position 3,2,105,10003,TRUE,TRUE,TRUE,2;3,20006,20006
1220,PhysicalTerminationPosition,,100219,Juniper SFP Position 4,2,105,10003,TRUE,TRUE,TRUE,2;3,20007,20007
1221,PhysicalTerminationPosition,,100220,Juniper SFP Position 5,2,105,10003,TRUE,TRUE,TRUE,2;3,20008,20008
1222,PhysicalTerminationPosition,,100221,Juniper SFP Position 6,2,105,10003,TRUE,TRUE,TRUE,2;3,20009,20009
1223,PhysicalTerminationPosition,,100222,Juniper SFP Position 7,2,105,10003,TRUE,TRUE,TRUE,2;3,20010,20010
1224,PhysicalTerminationPosition,,100223,Juniper SFP Position 8,2,105,10003,TRUE,TRUE,TRUE,2;3,20011,20011
1225,PhysicalTerminationPosition,,100224,Juniper SFP Position 9,2,105,10003,TRUE,TRUE,TRUE,2;3,20012,20012
1226,PhysicalTerminationPosition,,100225,Juniper SFP Position 10,2,105,10003,TRUE,TRUE,TRUE,2;3,20013,20013
1227,PhysicalTerminationPosition,,100226,Juniper SFP Position 11,2,105,10003,TRUE,TRUE,TRUE,2;3,20014,20014
1228,PhysicalTerminationPosition,,100227,Juniper SFP Position 12,2,105,10003,TRUE,TRUE,TRUE,2;3,20015,20015
1229,PhysicalTerminationPosition,,100228,Juniper SFP Position 13,2,105,10003,TRUE,TRUE,TRUE,2;3,20016,20016
1230,PhysicalTerminationPosition,,100229,Juniper SFP Position 14,2,105,10003,TRUE,TRUE,TRUE,2;3,20017,20017
1231,PhysicalTerminationPosition,,100230,Juniper SFP Position 15,2,105,10003,TRUE,TRUE,TRUE,2;3,20018,20018
1232,PhysicalTerminationPosition,,100231,Juniper SFP Position 16,2,105,10003,TRUE,TRUE,TRUE,2;3,20019,20019
1233,PhysicalTerminationPosition,,100232,Juniper SFP Position 17,2,105,10003,TRUE,TRUE,TRUE,2;3,20020,20020
1234,PhysicalTerminationPosition,,100233,Juniper SFP Position 18,2,105,10003,TRUE,TRUE,TRUE,2;3,20021,20021
1235,PhysicalTerminationPosition,,100234,Juniper SFP Position 19,2,105,10003,TRUE,TRUE,TRUE,2;3,20022,20022
1236,PhysicalTerminationPosition,,100235,Juniper SFP Position 20,2,105,10003,TRUE,TRUE,TRUE,2;3,20023,20023
1237,Pluggable,,100236,Juniper SFP 8.4,1,111,10004,TRUE,TRUE,TRUE,2;3,20024,20024
1238,PhysicalPort,,100237,SFP Gigabit Ethernet Physical Port 8.4,3,112,10005,TRUE,TRUE,TRUE,2;3,20025,20025
1239,Pluggable,,100238,Juniper SFP 8.8,1,111,10004,TRUE,TRUE,TRUE,2;3,20024,20024
1240,PhysicalPort,,100239,SFP Gigabit Ethernet Physical Port 8.8,3,112,10005,TRUE,TRUE,TRUE,2;3,20025,20025
1241,Capacity,,100240,Capacity 1.1,6,116,60001,TRUE,TRUE,TRUE,2;3,70001,70001
1242,Capacity,,100241,Capacity 1.2,6,116,60001,TRUE,TRUE,TRUE,2;3,70001,70001
1243,Capacity,,100242,Capacity 1.3,6,116,60001,TRUE,TRUE,TRUE,2;3,70001,70001
1244,Capacity,,100243,Capacity 1.4,6,116,60001,TRUE,TRUE,TRUE,2;3,70001,70001
1245,Capacity,,100244,Capacity 2.1,6,116,60001,TRUE,TRUE,TRUE,2;3,70001,70001
1246,Capacity,,100245,Capacity 2.2,6,116,60001,TRUE,TRUE,TRUE,2;3,70001,70001
1247,Capacity,,100246,Capacity 2.3,6,116,60001,TRUE,TRUE,TRUE,2;3,70001,70001
1248,Capacity,,100247,Capacity 2.4,6,116,60001,TRUE,TRUE,TRUE,2;3,70001,70001
1249,Capacity,,100248,Capacity 3.1,6,116,60001,TRUE,TRUE,TRUE,2;3,70001,70001
1250,Capacity,,100249,Capacity 3.2,6,116,60001,TRUE,TRUE,TRUE,2;3,70001,70001
1251,Capacity,,100250,Capacity 3.3,6,116,60001,TRUE,TRUE,TRUE,2;3,70001,70001
1252,Capacity,,100251,Capacity 3.4,6,116,60001,TRUE,TRUE,TRUE,2;3,70001,70001
1253,Capacity,,100252,Capacity 4.1,6,116,60001,TRUE,TRUE,TRUE,2;3,70001,70001
1254,Capacity,,100253,Capacity 4.2,6,116,60001,TRUE,TRUE,TRUE,2;3,70001,70001
1255,Capacity,,100254,Capacity 4.3,6,116,60001,TRUE,TRUE,TRUE,2;3,70001,70001
1256,Capacity,,100255,Capacity 4.4,6,116,60001,TRUE,TRUE,TRUE,2;3,70001,70001
1257,Capacity,,100256,Capacity 5.2,6,116,60001,TRUE,TRUE,TRUE,2;3,70001,70001
1258,Capacity,,100257,Capacity 5.5,6,116,60001,TRUE,TRUE,TRUE,2;3,70001,70001
1259,Capacity,,100258,Capacity 6.2,6,116,60001,TRUE,TRUE,TRUE,2;3,70001,70001
1260,Capacity,,100259,Capacity 6.6,6,116,60001,TRUE,TRUE,TRUE,2;3,70001,70001
1261,Capacity,,100260,Capacity 7.3,6,116,60001,TRUE,TRUE,TRUE,2;3,70001,70001
1262,Capacity,,100261,Capacity 7.7,6,116,60001,TRUE,TRUE,TRUE,2;3,70001,70001
1263,Capacity,,100262,Capacity 8.4,6,116,60001,TRUE,TRUE,TRUE,2;3,70001,70001
1264,Capacity,,100263,Capacity 8.8,6,116,60001,TRUE,TRUE,TRUE,2;3,70001,70001
1265,LogicalConnection,,100264,EC 1-5,4,114,60000,TRUE,TRUE,TRUE,2;3,70000,70000
1266,LogicalConnection,,100265,EC 2-6,4,114,60000,TRUE,TRUE,TRUE,2;3,70000,70000
1267,LogicalConnection,,100266,EC 3-7,4,114,60000,TRUE,TRUE,TRUE,2;3,70000,70000
1268,LogicalConnection,,100267,EC 4-8,4,114,60000,TRUE,TRUE,TRUE,2;3,70000,70000
1269,LogicalConnection,,100268,EC 1-2,4,114,60000,TRUE,TRUE,TRUE,2;3,70000,70000
1270,LogicalConnection,,100269,EC 1-3,4,114,60000,TRUE,TRUE,TRUE,2;3,70000,70000
1271,LogicalConnection,,100270,EC 1-4,4,114,60000,TRUE,TRUE,TRUE,2;3,70000,70000
1272,LogicalConnection,,100271,EC 2-3,4,114,60000,TRUE,TRUE,TRUE,2;3,70000,70000
1273,LogicalConnection,,100272,EC 2-4,4,114,60000,TRUE,TRUE,TRUE,2;3,70000,70000
1274,LogicalConnection,,100273,EC 3-4,4,114,60000,TRUE,TRUE,TRUE,2;3,70000,70000
1275,LogicalConnection,,100274,EC A-5,4,114,60000,TRUE,TRUE,TRUE,2;3,70000,70000
1276,LogicalConnection,,100275,EC B-6,4,114,60000,TRUE,TRUE,TRUE,2;3,70000,70000
1277,LogicalConnection,,100276,EC C-7,4,114,60000,TRUE,TRUE,TRUE,2;3,70000,70000
1278,LogicalConnection,,100277,EC D-8,4,114,60000,TRUE,TRUE,TRUE,2;3,70000,70000
1279,Device,,100278,CPE A,1,108,10006,TRUE,TRUE,TRUE,2;3,20026,20026
1280,Device,,100279,CPE B,1,108,10006,TRUE,TRUE,TRUE,2;3,20026,20026
1281,Device,,100280,CPE C,1,108,10006,TRUE,TRUE,TRUE,2;3,20026,20026
1282,Device,,100281,CPE D,1,108,10006,TRUE,TRUE,TRUE,2;3,20026,20026
1283,PhysicalPort,,100282,A.5,3,112,10005,TRUE,TRUE,TRUE,2;3,20027,20027
1284,PhysicalPort,,100283,B.6,3,112,10005,TRUE,TRUE,TRUE,2;3,20027,20027
1285,PhysicalPort,,100284,C.7,3,112,10005,TRUE,TRUE,TRUE,2;3,20027,20027
1286,PhysicalPort,,100285,D.8,3,112,10005,TRUE,TRUE,TRUE,2;3,20027,20027
1287,Capacity,,100286,Capacity A.5,6,116,60001,TRUE,TRUE,TRUE,2;3,70001,70001
1288,Capacity,,100287,Capacity B.6,6,116,60001,TRUE,TRUE,TRUE,2;3,70001,70001
1289,Capacity,,100288,Capacity C.7,6,116,60001,TRUE,TRUE,TRUE,2;3,70001,70001
1290,Capacity,,100289,Capacity D.8,6,116,60001,TRUE,TRUE,TRUE,2;3,70001,70001
1291,LogicalPort,,100290,Interface A.5.1,3,113,60004,TRUE,TRUE,TRUE,2;3,70004,70004
1292,LogicalPort,,100291,Interface B.6.1,3,113,60004,TRUE,TRUE,TRUE,2;3,70004,70004
1293,LogicalPort,,100292,Interface C.7.1,3,113,60004,TRUE,TRUE,TRUE,2;3,70004,70004
1294,LogicalPort,,100293,Interface D.8.1,3,113,60004,TRUE,TRUE,TRUE,2;3,70004,70004
1295,Capacity,,100294,Capacity A.5.1,6,116,60001,TRUE,TRUE,TRUE,2;3,70003,70003
1296,Capacity,,100295,Capacity B.6.1,6,116,60001,TRUE,TRUE,TRUE,2;3,70003,70003
1297,Capacity,,100296,Capacity C.7.1,6,116,60001,TRUE,TRUE,TRUE,2;3,70003,70003
1298,Capacity,,100297,Capacity D.8.1,6,116,60001,TRUE,TRUE,TRUE,2;3,70003,70003
1299,LogicalPort,,100298,Interface 1.1,3,113,60004,TRUE,TRUE,TRUE,2;3,70004,70004
1300,LogicalPort,,100299,Interface 1.2,3,113,60004,TRUE,TRUE,TRUE,2;3,70004,70004
1301,LogicalPort,,100300,Interface 1.3,3,113,60004,TRUE,TRUE,TRUE,2;3,70004,70004
1302,LogicalPort,,100301,Interface 1.4,3,113,60004,TRUE,TRUE,TRUE,2;3,70004,70004
1303,LogicalPort,,100302,Interface 2.1,3,113,60004,TRUE,TRUE,TRUE,2;3,70004,70004
1304,LogicalPort,,100303,Interface 2.2,3,113,60004,TRUE,TRUE,TRUE,2;3,70004,70004
1305,LogicalPort,,100304,Interface 2.3,3,113,60004,TRUE,TRUE,TRUE,2;3,70004,70004
1306,LogicalPort,,100305,Interface 2.4,3,113,60004,TRUE,TRUE,TRUE,2;3,70004,70004
1307,LogicalPort,,100306,Interface 3.1,3,113,60004,TRUE,TRUE,TRUE,2;3,70004,70004
1308,LogicalPort,,100307,Interface 3.2,3,113,60004,TRUE,TRUE,TRUE,2;3,70004,70004
1309,LogicalPort,,100308,Interface 3.3,3,113,60004,TRUE,TRUE,TRUE,2;3,70004,70004
1310,LogicalPort,,100309,Interface 3.4,3,113,60004,TRUE,TRUE,TRUE,2;3,70004,70004
1311,LogicalPort,,100310,Interface 4.1,3,113,60004,TRUE,TRUE,TRUE,2;3,70004,70004
1312,LogicalPort,,100311,Interface 4.2,3,113,60004,TRUE,TRUE,TRUE,2;3,70004,70004
1313,LogicalPort,,100312,Interface 4.3,3,113,60004,TRUE,TRUE,TRUE,2;3,70004,70004
1314,LogicalPort,,100313,Interface 4.4,3,113,60004,TRUE,TRUE,TRUE,2;3,70004,70004
1315,LogicalPort,,100314,Interface 5.2,3,113,60004,TRUE,TRUE,TRUE,2;3,70004,70004
1316,LogicalPort,,100315,Interface 5.5,3,113,60004,TRUE,TRUE,TRUE,2;3,70004,70004
1317,LogicalPort,,100316,Interface 6.2,3,113,60004,TRUE,TRUE,TRUE,2;3,70004,70004
1318,LogicalPort,,100317,Interface 6.6,3,113,60004,TRUE,TRUE,TRUE,2;3,70004,70004
1319,LogicalPort,,100318,Interface 7.3,3,113,60004,TRUE,TRUE,TRUE,2;3,70004,70004
1320,LogicalPort,,100319,Interface 7.7,3,113,60004,TRUE,TRUE,TRUE,2;3,70004,70004
1321,LogicalPort,,100320,Interface 8.4,3,113,60004,TRUE,TRUE,TRUE,2;3,70004,70004
1322,LogicalPort,,100321,Interface 8.8,3,113,60004,TRUE,TRUE,TRUE,2;3,70004,70004
1323,Capacity,,100322,Capacity 1.1.1,6,116,60001,TRUE,TRUE,TRUE,2;3,70003,70003
1324,Capacity,,100323,Capacity 1.2.1,6,116,60001,TRUE,TRUE,TRUE,2;3,70003,70003
1325,Capacity,,100324,Capacity 1.3.1,6,116,60001,TRUE,TRUE,TRUE,2;3,70003,70003
1326,Capacity,,100325,Capacity 1.4.1,6,116,60001,TRUE,TRUE,TRUE,2;3,70003,70003
1327,Capacity,,100326,Capacity 2.1.1,6,116,60001,TRUE,TRUE,TRUE,2;3,70003,70003
1328,Capacity,,100327,Capacity 2.2.1,6,116,60001,TRUE,TRUE,TRUE,2;3,70003,70003
1329,Capacity,,100328,Capacity 2.3.1,6,116,60001,TRUE,TRUE,TRUE,2;3,70003,70003
1330,Capacity,,100329,Capacity 2.4.1,6,116,60001,TRUE,TRUE,TRUE,2;3,70003,70003
1331,Capacity,,100330,Capacity 3.1.1,6,116,60001,TRUE,TRUE,TRUE,2;3,70003,70003
1332,Capacity,,100331,Capacity 3.2.1,6,116,60001,TRUE,TRUE,TRUE,2;3,70003,70003
1333,Capacity,,100332,Capacity 3.3.1,6,116,60001,TRUE,TRUE,TRUE,2;3,70003,70003
1334,Capacity,,100333,Capacity 3.4.1,6,116,60001,TRUE,TRUE,TRUE,2;3,70003,70003
1335,Capacity,,100334,Capacity 4.1.1,6,116,60001,TRUE,TRUE,TRUE,2;3,70003,70003
1336,Capacity,,100335,Capacity 4.2.1,6,116,60001,TRUE,TRUE,TRUE,2;3,70003,70003
1337,Capacity,,100336,Capacity 4.3.1,6,116,60001,TRUE,TRUE,TRUE,2;3,70003,70003
1338,Capacity,,100337,Capacity 4.4.1,6,116,60001,TRUE,TRUE,TRUE,2;3,70003,70003
1339,Capacity,,100338,Capacity 5.2.1,6,116,60001,TRUE,TRUE,TRUE,2;3,70003,70003
1340,Capacity,,100339,Capacity 5.5.1,6,116,60001,TRUE,TRUE,TRUE,2;3,70003,70003
1341,Capacity,,100340,Capacity 6.2.1,6,116,60001,TRUE,TRUE,TRUE,2;3,70003,70003
1342,Capacity,,100341,Capacity 6.6.1,6,116,60001,TRUE,TRUE,TRUE,2;3,70003,70003
1343,Capacity,,100342,Capacity 7.3.1,6,116,60001,TRUE,TRUE,TRUE,2;3,70003,70003
1344,Capacity,,100343,Capacity 7.7.1,6,116,60001,TRUE,TRUE,TRUE,2;3,70003,70003
1345,Capacity,,100344,Capacity 8.4.1,6,116,60001,TRUE,TRUE,TRUE,2;3,70003,70003
1346,Capacity,,100345,Capacity 8.8.1,6,116,60001,TRUE,TRUE,TRUE,2;3,70003,70003
1347,LogicalConnection,,100346,EVC A-B,4,114,60000,TRUE,TRUE,TRUE,2;3,70002,70002
1348,LogicalConnection,,100347,EVC C-D,4,114,60000,TRUE,TRUE,TRUE,2;3,70002,70002
